{
  "219": {
    "352": {
      "begin_index": 20838, 
      "end_index": 20953, 
      "extract": "Logic/reasoning confusion in UGC book re network/relational logical/physical keys &amp; schema/metatdata/dictionary", 
      "rule_id": "da3b9631-b774-451d-a090-16d858f997ab"
    }, 
    "383": {
      "begin_index": 22340, 
      "end_index": 23684, 
      "extract": "I was just going through the questions of UGC-NET(GS) &amp; GATE(CS/IT), in which I had some difficulties.</p> <p>There are some questions whose answers are different than my answers. Can you help me find the solution and tell me whether I am wrong or the answers given are wrong? What is the reasoning behind their answers and, if different, the correct answers?</p> <blockquote> <p>Q 1: Choose the correct statement.<br> (a) Network models are complicated by physical key, but the relational model is faster because it uses logical keys.<br> (b) Network models are complicated by logical key, but the relational model is faster because it uses physical keys.<br> (c) Network models are complicated by physical key, but the relational model is slower because it uses logical keys.<br> (d) Network models are complicated by logical key, but the relational model is slower because it uses physical keys. </p> <p>Q 2: The schema of a relation is an example of<br> a. Data Dictionary<br> b. Metadata<br> c. Entity<br> d. Relationship </p> </blockquote> <p>According to me answer of Q 1 is a but it is given b(according to book).<br> According to me answer of Q 2 is a but it is given b(according to book). </p> <p>These are basic questions but a little bit confusing and it is important to know the logic behind them.", 
      "rule_id": "e941e5b9-df74-446e-a426-84d50d82eab6"
    }, 
    "4": {
      "begin_index": 85, 
      "end_index": 212, 
      "extract": "database - Logic/reasoning confusion in UGC book re network/relational logical/physical keys &amp; schema/metatdata/dictionary", 
      "rule_id": "62d1a2ce-50af-405a-a5c8-6d8e88ecc7db"
    }, 
    "404": {
      "begin_index": 26071, 
      "end_index": 26078, 
      "extract": "Jul 20", 
      "rule_id": "f1a5df5a-f964-4630-9458-97f8c50cf08b"
    }, 
    "406": {
      "begin_index": 26080, 
      "end_index": 26086, 
      "extract": "16:20", 
      "rule_id": "08318c03-ff22-4ca5-b109-24daf792a69b"
    }, 
    "416": {
      "begin_index": 26395, 
      "end_index": 26401, 
      "extract": "Bhavya", 
      "rule_id": "e348cff0-8982-4a40-936b-faf84c41f006"
    }, 
    "437": {
      "begin_index": 30102, 
      "end_index": 30115, 
      "extract": "add a comment", 
      "rule_id": "0910e70e-c3ca-4c29-ba4d-fb1f7af90735"
    }, 
    "440": {
      "begin_index": 30297, 
      "end_index": 30297, 
      "extract": "", 
      "rule_id": "2aafbd00-c5a5-4b96-9f85-c29cf9d933ce"
    }, 
    "480": {
      "begin_index": 32372, 
      "end_index": 35923, 
      "extract": "Googling the text of Q1 a we find <a href=\"https://books.google.ca/books?id=5tatBaRplIgC&amp;printsec=frontcover\" rel=\"nofollow noreferrer\">Multiplechoice Questions in Computer Science</a> has these choices in a different order as <a href=\"https://books.google.ca/books?id=5tatBaRplIgC&amp;pg=PA247&amp;focus=viewport\" rel=\"nofollow noreferrer\">question 35 on page 247</a> and gives answer <a href=\"https://books.google.ca/books?id=5tatBaRplIgC&amp;pg=PA249&amp;focus=viewport\" rel=\"nofollow noreferrer\"><strong>physical-faster-logical</strong> on page 249</a> as its a. This is also <strong>your choice a</strong>. (For my guess at a rationale for b, see below.)</p> <p>That's what we would expect from a network model's logical keys typically also being physical keys and the relational model's logical keys having no fixed association with physical keys. (Nevertheless it's not correct to say the relational model is faster, see below.)</p> <p>PS The <em>correct</em> distinction between the models is that network model logical keys are <em>an unnecessary data structure in addition to tables</em> and that typically it has <em>meaningful logical order</em> to keys, rows and/or columns. (The point of using a network model is to have logical keys that are physical keys, but that's irrelevant when comparing the <em>models</em>, see below.)</p> <hr> <p><strong>Q1 (e) None of the above.</strong> That is a terrible question for multiple reasons. Eg: \"uses logical keys (in the model)\" can mean \"can optimize physical keys (in execution)\" which could be phrased as \"uses physical keys (in execution)\". Eg: Both models are \"logical\" until you hypothesize a physical model. So the network model is \"complicated by logical keys\". But the point of the network model is that its logical keys <em>are</em> physical keys for the <em>actual</em> physical model. So it is \"complicated by physical keys\".</p> <p>Find exactly what a reference textbook means by the various terms. Apparently unfortunately your exams can depend pedantically on artifacts of how a topic happens to be phrased in the reference material and how the particular wording in the exams is interpreted.</p> <p>Here's a <em>guess</em> at a justification for (b): The network model is \"complicated by logical keys (in the model)\". A relational DBMS can typically optimize query execution \"logically\" by rewriting based on relational algebra equivalences and \"physically\" via statistics and indexes. A network DBMS query execution can't be \"logically\" optimized and a query is either fast because the logical=physical keys were chosen to make it fast or is slow because the logical=physical keys were chosen to make <em>other</em> queries fast. So the relational execution/implementation will not be impeded by inappropriate \"physical key use\" and will be both logically &amp; physically optimized in its \"physical key use\". (Nevertheless the specialization/hardwiring of non-relational keys/queries <em>does</em> make them faster <em>in some cases</em>.)</p> <p><strong>Q2 (b).</strong> A definition of \"data dictionary\" typically doesn't include constraints. A definition of \"schema\" can include constraints. A definition of \"metadata\" typically does include constraints. A data dictionary is a database schema (minus constraints if so defined). A database schema is all the metadata (minus constraints if so defined). But a <em>table</em> schema is just <em>some</em> of \"the\" metadata, ie it \"is an example of metadata\". (Nevertheless, more difficulties with unclear language.)", 
      "rule_id": "4d6eb303-ef75-403a-bf78-f213b8422504"
    }, 
    "496": {
      "begin_index": 36949, 
      "end_index": 36956, 
      "extract": "Jul 21", 
      "rule_id": "2c0dac5c-2295-4465-9adb-5eff3dde114d"
    }, 
    "498": {
      "begin_index": 36958, 
      "end_index": 36963, 
      "extract": "6:24", 
      "rule_id": "44418c73-374d-42a6-ade5-4282142641c2"
    }, 
    "509": {
      "begin_index": 37330, 
      "end_index": 37338, 
      "extract": "philipxy", 
      "rule_id": "151d8517-f15c-442c-a439-eb1dbe542ab6"
    }, 
    "515": {
      "begin_index": 37643, 
      "end_index": 37645, 
      "extract": "14", 
      "rule_id": "bc11d3f4-643a-48ca-a52a-dfb04237e64f"
    }, 
    "520": {
      "begin_index": 37743, 
      "end_index": 37745, 
      "extract": "45", 
      "rule_id": "62af170b-952e-4d76-9802-cc567eba6f44"
    }, 
    "531": {
      "begin_index": 38251, 
      "end_index": 38264, 
      "extract": "><td></td><td", 
      "rule_id": "bed4416e-fd0e-4f1e-ba3e-afa5c5e281ce"
    }, 
    "658": {
      "begin_index": 47957, 
      "end_index": 47965, 
      "extract": "1 month", 
      "rule_id": "7cfa08f2-b762-4a86-82e7-b9e5c9630398"
    }, 
    "672": {
      "begin_index": 48848, 
      "end_index": 48856, 
      "extract": "1 month", 
      "rule_id": "81d63513-f21a-4e2a-b6f9-2dc6d6f3457f"
    }, 
    "776": {
      "begin_index": 53918, 
      "end_index": 53918, 
      "extract": "", 
      "rule_id": "8aa05d57-c6a1-45f8-b5ab-abf43d9434e3"
    }, 
    "sitedesign/logo&#169;1539": {
      "begin_index": 101435, 
      "end_index": 101436, 
      "extract": "", 
      "rule_id": "e3103211-b0ae-47b5-aea6-d2c20c74e89f"
    }, 
    "upvote375": {
      "begin_index": 21982, 
      "end_index": 21983, 
      "extract": "0", 
      "rule_id": "e3a9fdc0-530d-41b8-89ef-3f82182d90e2"
    }, 
    "upvote474": {
      "begin_index": 32166, 
      "end_index": 32167, 
      "extract": "1", 
      "rule_id": "a70784d2-c008-4e07-a192-5d800db9c197"
    }, 
    "viewed663": {
      "begin_index": 48355, 
      "end_index": 48358, 
      "extract": "22", 
      "rule_id": "458c9019-332e-4161-8147-aeff0499d062"
    }
  }, 
  "244": {
    "352": {
      "begin_index": 20485, 
      "end_index": 20542, 
      "extract": "What exactly does the three-schema architecture refer to?", 
      "rule_id": "da3b9631-b774-451d-a090-16d858f997ab"
    }, 
    "383": {
      "begin_index": 21928, 
      "end_index": 22975, 
      "extract": "Sorry if the question is vague. I've been trying to learn Database Concepts on my own and I've been trying to understand this \"Internal, Conceptual, External Schema Model\" for quite a while, with no success.</p> <p>Almost everywhere on the internet, it is stated that the internal schema refers to how data is stored, external schema refers to how the users see the database and I still don't understand what a conceptual schema refers to.</p> <p>I know a bit of SQL and I've been trying to relate all this to that(correct me if that is not the right way to approach). So suppose I create a table using SQL and decide to view the contents of the table using the <code>SELECT * FROM table;</code>command. Is the output the external schema of the table?</p> <p>I'm really sorry if the question doesn't make sense, but I'm unable to understand this topic.</p> <p>Previous questions asking the same were not received well: <a href=\"https://stackoverflow.com/questions/28796538/the-three-schema-of-the-database\">The three schema of the database</a>", 
      "rule_id": "e941e5b9-df74-446e-a426-84d50d82eab6"
    }, 
    "4": {
      "begin_index": 85, 
      "end_index": 154, 
      "extract": "database - What exactly does the three-schema architecture refer to?", 
      "rule_id": "62d1a2ce-50af-405a-a5c8-6d8e88ecc7db"
    }, 
    "404": {
      "begin_index": 24920, 
      "end_index": 24926, 
      "extract": "Sep 1", 
      "rule_id": "f1a5df5a-f964-4630-9458-97f8c50cf08b"
    }, 
    "406": {
      "begin_index": 24928, 
      "end_index": 24933, 
      "extract": "8:14", 
      "rule_id": "08318c03-ff22-4ca5-b109-24daf792a69b"
    }, 
    "416": {
      "begin_index": 25252, 
      "end_index": 25263, 
      "extract": "Karan Singh", 
      "rule_id": "e348cff0-8982-4a40-936b-faf84c41f006"
    }, 
    "437": {
      "begin_index": 30761, 
      "end_index": 30774, 
      "extract": "add a comment", 
      "rule_id": "0910e70e-c3ca-4c29-ba4d-fb1f7af90735"
    }, 
    "440": {
      "begin_index": 30956, 
      "end_index": 30956, 
      "extract": "", 
      "rule_id": "2aafbd00-c5a5-4b96-9f85-c29cf9d933ce"
    }, 
    "480": {
      "begin_index": 32959, 
      "end_index": 34691, 
      "extract": "3-schema (external, conceptual &amp; internal) &amp; 3-tier (conceptual, logical and physical) are ways of looking at systems. It happens that they are not typically reflected clearly in language syntax &amp; semantics. Read the linked resources in <a href=\"https://stackoverflow.com/a/28805630/3404097\">the answer that you link to by me</a>. (But beware per the answer where resources are confused.) Learn the abstract structures/organizations and when you look at systems &amp; processes it can help you to understand and use them.</p> <p>This is similar to the situation with \"client-server architecture\". Maybe there is a physical \"server\" literally wired to some other \"user\" computer. But maybe we just have two software modules in the same program text. It is an abstract structure/organization which we can refer to when some system's parts are related to each other that way or when they <em>aren't</em> related to each that way.</p> <p>Eg SQL syntax mixes external/conceptual logical schema notions (tables with no row order queried by syntax not reflecting execution order, transactions, etc) and internal physical schema notions (indexes, query plans, storage, schedules, etc). Similarly DBMSs allow definition of what databases &amp; tables a particular user sees defined in terms of other databases &amp; tables--roughly corresponding to external &amp; conceptual schemas respectively. But per above the SQL user vs DBA logical views are both mixes of non-internal &amp; internal. SQL DDL (data definition language) doesn't clearly separate user, DBA &amp; physical system aspects per the architecture. Nevertheless we do talk about what users can see vs what DBAs can see vs physical/storage/representation aspects.", 
      "rule_id": "4d6eb303-ef75-403a-bf78-f213b8422504"
    }, 
    "496": {
      "begin_index": 35717, 
      "end_index": 35723, 
      "extract": "Sep 3", 
      "rule_id": "2c0dac5c-2295-4465-9adb-5eff3dde114d"
    }, 
    "498": {
      "begin_index": 35725, 
      "end_index": 35731, 
      "extract": "22:59", 
      "rule_id": "44418c73-374d-42a6-ade5-4282142641c2"
    }, 
    "509": {
      "begin_index": 36098, 
      "end_index": 36106, 
      "extract": "philipxy", 
      "rule_id": "151d8517-f15c-442c-a439-eb1dbe542ab6"
    }, 
    "515": {
      "begin_index": 36411, 
      "end_index": 36413, 
      "extract": "14", 
      "rule_id": "bc11d3f4-643a-48ca-a52a-dfb04237e64f"
    }, 
    "520": {
      "begin_index": 36511, 
      "end_index": 36513, 
      "extract": "45", 
      "rule_id": "62af170b-952e-4d76-9802-cc567eba6f44"
    }, 
    "531": {
      "begin_index": 37019, 
      "end_index": 37032, 
      "extract": "><td></td><td", 
      "rule_id": "bed4416e-fd0e-4f1e-ba3e-afa5c5e281ce"
    }, 
    "658": {
      "begin_index": 46245, 
      "end_index": 46253, 
      "extract": "13 days", 
      "rule_id": "7cfa08f2-b762-4a86-82e7-b9e5c9630398"
    }, 
    "672": {
      "begin_index": 47136, 
      "end_index": 47144, 
      "extract": "10 days", 
      "rule_id": "81d63513-f21a-4e2a-b6f9-2dc6d6f3457f"
    }, 
    "776": {
      "begin_index": 52077, 
      "end_index": 52522, 
      "extract": "=\"module sidebar-linked\"> <h4 id=\"h-linked\">Linked</h4> <div class=\"linked\" data-tracker=\"lq=1\"> <div class=\"spacer\"> <a href=\"/q/28796538\" title=\"Vote score (upvotes - downvotes)\"> <div class=\"answer-votes answered-accepted default\">0</div> </a> <a href=\"/questions/28796538/the-three-schema-of-the-database?noredirect=1\" class=\"question-hyperlink\">The three schema of the database</a> </div> </div> </div> <div class", 
      "rule_id": "8aa05d57-c6a1-45f8-b5ab-abf43d9434e3"
    }, 
    "sitedesign/logo&#169;1539": {
      "begin_index": 100276, 
      "end_index": 100277, 
      "extract": "", 
      "rule_id": "e3103211-b0ae-47b5-aea6-d2c20c74e89f"
    }, 
    "upvote375": {
      "begin_index": 21569, 
      "end_index": 21571, 
      "extract": "-1", 
      "rule_id": "e3a9fdc0-530d-41b8-89ef-3f82182d90e2"
    }, 
    "upvote474": {
      "begin_index": 32753, 
      "end_index": 32754, 
      "extract": "0", 
      "rule_id": "a70784d2-c008-4e07-a192-5d800db9c197"
    }, 
    "viewed663": {
      "begin_index": 46643, 
      "end_index": 46646, 
      "extract": "23", 
      "rule_id": "458c9019-332e-4161-8147-aeff0499d062"
    }
  }, 
  "281": {
    "352": {
      "begin_index": 20395, 
      "end_index": 20445, 
      "extract": "How to transform this into Boyce-Codd Normal Form?", 
      "rule_id": "da3b9631-b774-451d-a090-16d858f997ab"
    }, 
    "383": {
      "begin_index": 21832, 
      "end_index": 22494, 
      "extract": "I don't understand what I am doing wrong here. This is what I am being asked:</p> <pre><code>Normalize the following schema into BNCF: T ((A, B), C, E, F, G) The functional dependencies besides the key are: A, B \u2192 C, E F, B, A \u2192 G B \u2192 B F, C \u2192 C, G, E C, F \u2192 E E \u2192 G, E </code></pre> <p>So, I came up with this:</p> <pre><code>T ((A, B), C, E, F) X((A,B), C, E) W ((F,B,A), G) Q ((B)) L ((F,C), G, E) J ((C,F), E) R ((E),G) </code></pre> <p>But it gives me this error: </p> <blockquote> <p>Result is not as expected. Modify your input and try again.</p> </blockquote> <p>And I have no clue where the error is. Can someone explain to me what I should do?", 
      "rule_id": "e941e5b9-df74-446e-a426-84d50d82eab6"
    }, 
    "4": {
      "begin_index": 85, 
      "end_index": 147, 
      "extract": "database - How to transform this into Boyce-Codd Normal Form?", 
      "rule_id": "62d1a2ce-50af-405a-a5c8-6d8e88ecc7db"
    }, 
    "404": {
      "begin_index": 24134, 
      "end_index": 24141, 
      "extract": "May 14", 
      "rule_id": "f1a5df5a-f964-4630-9458-97f8c50cf08b"
    }, 
    "406": {
      "begin_index": 24143, 
      "end_index": 24149, 
      "extract": "20:17", 
      "rule_id": "08318c03-ff22-4ca5-b109-24daf792a69b"
    }, 
    "416": {
      "begin_index": 24502, 
      "end_index": 24507, 
      "extract": "Siyah", 
      "rule_id": "e348cff0-8982-4a40-936b-faf84c41f006"
    }, 
    "437": {
      "begin_index": 31327, 
      "end_index": 31327, 
      "extract": "", 
      "rule_id": "0910e70e-c3ca-4c29-ba4d-fb1f7af90735"
    }, 
    "440": {
      "begin_index": 31506, 
      "end_index": 31533, 
      "extract": "show <b>2</b> more comments", 
      "rule_id": "2aafbd00-c5a5-4b96-9f85-c29cf9d933ce"
    }, 
    "480": {
      "begin_index": 33687, 
      "end_index": 34883, 
      "extract": "If the nested parentheses indicate a CK (candidate key) then</p> <p><code>A, B \u2192 C, E</code> is implied by the CK<br> <code>F, B, A \u2192 G</code> ditto<br> <code>B \u2192 B</code> is trivial<br> <code>F, C \u2192 C, G, E</code> is implied by <code>F, C \u2192 G, E</code><br> <code>C, F \u2192 E</code> is redundant given <code>F, C \u2192 G, E</code><br> <code>E \u2192 G, E</code> means <code>F, C \u2192 G, E</code> is implied by <code>F, C \u2192 E</code> </p> <p>{A, B} being a CK means <code>A, B \u2192 C, E, F, G</code>, plus we have <code>F, C \u2192 E</code> and <code>E \u2192 G</code>. We can use a BCNF algorithm to get a decomposition comprising ((A, B), C, F) plus your J ((C,F), E) and R ((E), G).</p> <p>You don't explain your solution (what BCNF algorithm you are using and what choices you made). But note that the FDs that hold in a relation are all the ones generated by Armstrong's axioms when some explicitly given ones hold. (Including the ones that hold because we were told a CK.) Also note that in one BCNF algorithm when we pick some FD (functional dependency) X \u2192 Y that holds in schema R that violates BCNF we replace R by schemas X+ and R - (X+ - X); and the set of FDs used is the closure of the explicitly given ones.", 
      "rule_id": "4d6eb303-ef75-403a-bf78-f213b8422504"
    }, 
    "496": {
      "begin_index": 35909, 
      "end_index": 35916, 
      "extract": "May 15", 
      "rule_id": "2c0dac5c-2295-4465-9adb-5eff3dde114d"
    }, 
    "498": {
      "begin_index": 35918, 
      "end_index": 35923, 
      "extract": "8:24", 
      "rule_id": "44418c73-374d-42a6-ade5-4282142641c2"
    }, 
    "509": {
      "begin_index": 36290, 
      "end_index": 36298, 
      "extract": "philipxy", 
      "rule_id": "151d8517-f15c-442c-a439-eb1dbe542ab6"
    }, 
    "515": {
      "begin_index": 36603, 
      "end_index": 36605, 
      "extract": "14", 
      "rule_id": "bc11d3f4-643a-48ca-a52a-dfb04237e64f"
    }, 
    "520": {
      "begin_index": 36703, 
      "end_index": 36705, 
      "extract": "45", 
      "rule_id": "62af170b-952e-4d76-9802-cc567eba6f44"
    }, 
    "531": {
      "begin_index": 37189, 
      "end_index": 38322, 
      "extract": "id=\"comment-74987572\" class=\"comment \"> <td> <table> <tbody> <tr> <td class=\" comment-score\"> </td> <td> </td> </tr> </tbody> </table> </td> <td class=\"comment-text\"> <div style=\"display: block;\" class=\"comment-body\"> <span class=\"comment-copy\">Thanks mate, I just needed an explanation! Appreciate it.</span> &ndash; <a href=\"/users/2485889/siyah\" title=\"1,491 reputation\" class=\"comment-user owner\">Siyah</a> <span class=\"comment-date\" dir=\"ltr\"><span title=\"2017-05-15 12:15:30Z\" class=\"relativetime-clean\">May 15 at 12:15</span></span> <span class=\"edited-yes\" title=\"this comment was edited 1 time\"></span> </div", 
      "rule_id": "bed4416e-fd0e-4f1e-ba3e-afa5c5e281ce"
    }, 
    "658": {
      "begin_index": 47897, 
      "end_index": 47906, 
      "extract": "4 months", 
      "rule_id": "7cfa08f2-b762-4a86-82e7-b9e5c9630398"
    }, 
    "672": {
      "begin_index": 48789, 
      "end_index": 48798, 
      "extract": "2 months", 
      "rule_id": "81d63513-f21a-4e2a-b6f9-2dc6d6f3457f"
    }, 
    "776": {
      "begin_index": 53854, 
      "end_index": 53854, 
      "extract": "", 
      "rule_id": "8aa05d57-c6a1-45f8-b5ab-abf43d9434e3"
    }, 
    "sitedesign/logo&#169;1539": {
      "begin_index": 101432, 
      "end_index": 101433, 
      "extract": "", 
      "rule_id": "e3103211-b0ae-47b5-aea6-d2c20c74e89f"
    }, 
    "upvote375": {
      "begin_index": 21474, 
      "end_index": 21475, 
      "extract": "0", 
      "rule_id": "e3a9fdc0-530d-41b8-89ef-3f82182d90e2"
    }, 
    "upvote474": {
      "begin_index": 33351, 
      "end_index": 33352, 
      "extract": "1", 
      "rule_id": "a70784d2-c008-4e07-a192-5d800db9c197"
    }, 
    "viewed663": {
      "begin_index": 48296, 
      "end_index": 48299, 
      "extract": "36", 
      "rule_id": "458c9019-332e-4161-8147-aeff0499d062"
    }
  }, 
  "286": {
    "352": {
      "begin_index": 20741, 
      "end_index": 20809, 
      "extract": "Is A \u2192 B the same as B \u2192 A when speaking of functional dependencies?", 
      "rule_id": "da3b9631-b774-451d-a090-16d858f997ab"
    }, 
    "383": {
      "begin_index": 22195, 
      "end_index": 22478, 
      "extract": "This might very simple but I just had to check with you guys.</p> <p>When it comes to databases, does the arrow in literature imply vise versa on equality?</p> <p>Meaning, is A \u2192 B considered the SAME as B \u2192 A, in particular when it comes to databases and functional dependencies?", 
      "rule_id": "e941e5b9-df74-446e-a426-84d50d82eab6"
    }, 
    "4": {
      "begin_index": 85, 
      "end_index": 165, 
      "extract": "database - Is A \u2192 B the same as B \u2192 A when speaking of functional dependencies?", 
      "rule_id": "62d1a2ce-50af-405a-a5c8-6d8e88ecc7db"
    }, 
    "404": {
      "begin_index": 24605, 
      "end_index": 24612, 
      "extract": "May 24", 
      "rule_id": "f1a5df5a-f964-4630-9458-97f8c50cf08b"
    }, 
    "406": {
      "begin_index": 24614, 
      "end_index": 24620, 
      "extract": "10:45", 
      "rule_id": "08318c03-ff22-4ca5-b109-24daf792a69b"
    }, 
    "416": {
      "begin_index": 24977, 
      "end_index": 24980, 
      "extract": "Ann", 
      "rule_id": "e348cff0-8982-4a40-936b-faf84c41f006"
    }, 
    "437": {
      "begin_index": 28276, 
      "end_index": 28289, 
      "extract": "add a comment", 
      "rule_id": "0910e70e-c3ca-4c29-ba4d-fb1f7af90735"
    }, 
    "440": {
      "begin_index": 28471, 
      "end_index": 28471, 
      "extract": "", 
      "rule_id": "2aafbd00-c5a5-4b96-9f85-c29cf9d933ce"
    }, 
    "480": {
      "begin_index": 30555, 
      "end_index": 31195, 
      "extract": "Please read the reference(s) you were given for FDs (functional dependencies).</p> <p>A FD is an expression of the form \"A \u2192 B\" for sets of attributes A &amp; B. So if A and B are different, A \u2192 B is a different FD than B \u2192 A.</p> <p>For a relation value or variable R, \"A \u2192 B holds in R\" and \"A \u2192 B in R\" say that if two R tuples have the same subtuple for A then they have the same subtuple for B.</p> <p>Is A \u2192 B in R equivalent to B \u2192 A in R? If A and B are the same set, then yes. But what if they aren't?</p> <pre><code>X Y a 1 b 1 </code></pre> <p>{X} \u2192 {Y} holds in that relation value. {X} &lt;> {Y}. Does {Y} \u2192 {X} also hold?", 
      "rule_id": "4d6eb303-ef75-403a-bf78-f213b8422504"
    }, 
    "496": {
      "begin_index": 32222, 
      "end_index": 32229, 
      "extract": "May 24", 
      "rule_id": "2c0dac5c-2295-4465-9adb-5eff3dde114d"
    }, 
    "498": {
      "begin_index": 32231, 
      "end_index": 32237, 
      "extract": "19:38", 
      "rule_id": "44418c73-374d-42a6-ade5-4282142641c2"
    }, 
    "509": {
      "begin_index": 32604, 
      "end_index": 32612, 
      "extract": "philipxy", 
      "rule_id": "151d8517-f15c-442c-a439-eb1dbe542ab6"
    }, 
    "515": {
      "begin_index": 32917, 
      "end_index": 32919, 
      "extract": "14", 
      "rule_id": "bc11d3f4-643a-48ca-a52a-dfb04237e64f"
    }, 
    "520": {
      "begin_index": 33017, 
      "end_index": 33019, 
      "extract": "45", 
      "rule_id": "62af170b-952e-4d76-9802-cc567eba6f44"
    }, 
    "531": {
      "begin_index": 33525, 
      "end_index": 33538, 
      "extract": "><td></td><td", 
      "rule_id": "bed4416e-fd0e-4f1e-ba3e-afa5c5e281ce"
    }, 
    "658": {
      "begin_index": 43023, 
      "end_index": 43032, 
      "extract": "3 months", 
      "rule_id": "7cfa08f2-b762-4a86-82e7-b9e5c9630398"
    }, 
    "672": {
      "begin_index": 43915, 
      "end_index": 43924, 
      "extract": "3 months", 
      "rule_id": "81d63513-f21a-4e2a-b6f9-2dc6d6f3457f"
    }, 
    "776": {
      "begin_index": 48933, 
      "end_index": 48933, 
      "extract": "", 
      "rule_id": "8aa05d57-c6a1-45f8-b5ab-abf43d9434e3"
    }, 
    "sitedesign/logo&#169;1539": {
      "begin_index": 96474, 
      "end_index": 96475, 
      "extract": "", 
      "rule_id": "e3103211-b0ae-47b5-aea6-d2c20c74e89f"
    }, 
    "upvote375": {
      "begin_index": 21836, 
      "end_index": 21838, 
      "extract": "-1", 
      "rule_id": "e3a9fdc0-530d-41b8-89ef-3f82182d90e2"
    }, 
    "upvote474": {
      "begin_index": 30349, 
      "end_index": 30350, 
      "extract": "0", 
      "rule_id": "a70784d2-c008-4e07-a192-5d800db9c197"
    }, 
    "viewed663": {
      "begin_index": 43422, 
      "end_index": 43425, 
      "extract": "39", 
      "rule_id": "458c9019-332e-4161-8147-aeff0499d062"
    }
  }, 
  "291": {
    "352": {
      "begin_index": 20944, 
      "end_index": 21092, 
      "extract": "Break atomicity rule storing list of items when there is no reason to query about items? Verses join table that requires whole join table be scanned", 
      "rule_id": "da3b9631-b774-451d-a090-16d858f997ab"
    }, 
    "383": {
      "begin_index": 22480, 
      "end_index": 23890, 
      "extract": "This specific case is regarding lists, and items.</p> <p>The same item may belong to multiple lists, and each list has many items.</p> <p>Option A (the \"proper\" way as I understand it): Make a join table, which has list_ID and item_ID. When I want all the items in a list query for list_ID.</p> <p>Option B (break the atomicity rule): Make a list table. Primary Key, and either repeating columns or non-atomic columns. As I understand it both of these deviations suffer the exact same drawbacks, which is the inability to inefficiently query on items.</p> <p>As I understand it, normalizing a database to NF-1 would be making sure each column is atomic, so I should NOT do option B. The reason is that would make querying items hard. E.g \"how many of this item got sold\" or \"how many times this this item is in a list\"</p> <p>I don't think I will ever need that data (is that already a mistake / common pitfall? is there a meme amongst experienced database engineers like \"you'll always want to be able to query, and you won't have time to reorganize the database when you scale\"? Am I overestimating how long itd take MySQL to scan a join table?</p> <p>I can't find anything to support this but at the same time I feel that its common sense to accept that non-compliant form if I know that the drawback is not important to the application. But I am not an expert and these rules were written by experts.", 
      "rule_id": "e941e5b9-df74-446e-a426-84d50d82eab6"
    }, 
    "4": {
      "begin_index": 85, 
      "end_index": 246, 
      "extract": "exception - Break atomicity rule storing list of items when there is no reason to query about items? Verses join table that requires whole join table be scanned", 
      "rule_id": "62d1a2ce-50af-405a-a5c8-6d8e88ecc7db"
    }, 
    "404": {
      "begin_index": 24871, 
      "end_index": 24877, 
      "extract": "Jun 7", 
      "rule_id": "f1a5df5a-f964-4630-9458-97f8c50cf08b"
    }, 
    "406": {
      "begin_index": 24879, 
      "end_index": 24884, 
      "extract": "1:15", 
      "rule_id": "08318c03-ff22-4ca5-b109-24daf792a69b"
    }, 
    "416": {
      "begin_index": 25214, 
      "end_index": 25223, 
      "extract": "Chan Kwon", 
      "rule_id": "e348cff0-8982-4a40-936b-faf84c41f006"
    }, 
    "437": {
      "begin_index": 27682, 
      "end_index": 27695, 
      "extract": "add a comment", 
      "rule_id": "0910e70e-c3ca-4c29-ba4d-fb1f7af90735"
    }, 
    "440": {
      "begin_index": 27877, 
      "end_index": 27877, 
      "extract": "", 
      "rule_id": "2aafbd00-c5a5-4b96-9f85-c29cf9d933ce"
    }, 
    "480": {
      "begin_index": 29952, 
      "end_index": 32981, 
      "extract": "<strong>TL; DR</strong> If you are going to write generic query/constraint expressions about parts of values of a column then the parts ought to get their own columns; otherwise not. If you change your mind then you can supply the old schema via a view, although typically updates would need recoding.</p> <hr> <p>Relations have rows that have for each column one value of that column's type. Notions of \"relation\" or \"normalized\" or \"1NF\" in terms of some notion of <a href=\"https://stackoverflow.com/a/24038895/3404097\">\"atomicity\"</a> are vague, confused and unhelpful. Eg a list is typically called \"non-atomic\", while a string is called \"atomic\"--even though a string is a list of characters. Bite the bullet--it's nonsense.</p> <p><em>Every single design</em> has to make this where-the-turtles-stop decision about its <a href=\"https://stackoverflow.com/a/37483508/3404097\">column types</a>. It cannot be avoided. (Even when you get to a bit-typed column, you can decide to have a separate table for only the rows that would have 1s.) (Then there is no column hence no column type.) It is a design quality issue, but not an issue of normalization to higher NFs (normal forms).</p> <p>Nothing in \"normalization\" to higher NFs (reducing certain update/redundancy problems by replacing a table by tables that join back to it) requires prior application-dependent <a href=\"https://stackoverflow.com/a/40640962/3404097\">\"normalization\" to \"1NF\" per \"atomicity\"</a> (replacing a table by some table(s) with columns for parts of its columns). Because when rearranging to \"1NF\" would <em>help</em> we would need to write constraint expressions involving parts of values of columns so we would be doing that rearrangement <em>anyway</em>.</p> <p>(Projection/join normalization to higher NF components per FDs (functional dependencies) &amp; JDs (join dependencies) is independent of column types. And any situation where there are constraints on a column that are not addressed by normalization to higher NFs but that would be addressed after \"atomicizing\" is a situation where there is a constraint whose expression involves parts of values of the column, which should therefore be \"atomicized\" anyway.)</p> <p>(Unfortunately \"normalized\" &amp; \"1NF\" &amp; \"0NF\" get used in many different ways, many nonsensical although common. Better to just say what exact property/properties you mean.)</p> <hr> <p>PS 1 A list is generally considered to be an ordered collection of items, a set being an unordered collection of items. Predicate \"collection <em>C</em> has item <em>I</em> as <em>Nth</em> member\" records a list, \"collection <em>C</em> has item <em>I</em> as a member\" a set.</p> <p>PS 2 PS Your presumption that a representation of a list or set \"vertically\" or \"compactly\" \"down\" a column in a table involves any more \"scanning\" than a representation \"horizontally\" or \"compactly\" \"across\" a value in a column in a row is naive/unjustified. Ie ((list, item1, 1), (list, item2, 2), ...) vs (list, [item1, item2, ...]).", 
      "rule_id": "4d6eb303-ef75-403a-bf78-f213b8422504"
    }, 
    "496": {
      "begin_index": 34007, 
      "end_index": 34013, 
      "extract": "Jun 7", 
      "rule_id": "2c0dac5c-2295-4465-9adb-5eff3dde114d"
    }, 
    "498": {
      "begin_index": 34015, 
      "end_index": 34020, 
      "extract": "5:16", 
      "rule_id": "44418c73-374d-42a6-ade5-4282142641c2"
    }, 
    "509": {
      "begin_index": 34387, 
      "end_index": 34395, 
      "extract": "philipxy", 
      "rule_id": "151d8517-f15c-442c-a439-eb1dbe542ab6"
    }, 
    "515": {
      "begin_index": 34700, 
      "end_index": 34702, 
      "extract": "14", 
      "rule_id": "bc11d3f4-643a-48ca-a52a-dfb04237e64f"
    }, 
    "520": {
      "begin_index": 34800, 
      "end_index": 34802, 
      "extract": "45", 
      "rule_id": "62af170b-952e-4d76-9802-cc567eba6f44"
    }, 
    "531": {
      "begin_index": 35286, 
      "end_index": 37971, 
      "extract": "id=\"comment-75842510\" class=\"comment \"> <td> <table> <tbody> <tr> <td class=\" comment-score\"> </td> <td> </td> </tr> </tbody> </table> </td> <td class=\"comment-text\"> <div style=\"display: block;\" class=\"comment-body\"> <span class=\"comment-copy\">Thank you. @philipxy I think I understand the point you are making about how &quot;atomic&quot; you can get something. Its not as if I&#39;d store individual characters of an item_id in case i want to search by &quot;items where first letter = a&quot;. Likewise I will never want to wonder &quot;sets where they have item_id = X&quot;. I don&#39;t under stand what you are saying here: <code>&quot;Projection&#47;join normalization-to-higher-NFs theory is independent of column types. And any situation where there are constraints on a column that are not addressed ...(omit for char limit)... and so should be &quot;atomicized&quot; anyway.&quot;</code></span> &ndash; <a href=\"/users/7692790/chan-kwon\" title=\"1 reputation\" class=\"comment-user owner\">Chan Kwon</a> <span class=\"comment-date\" dir=\"ltr\"><span title=\"2017-06-07 20:15:36Z\" class=\"relativetime-clean\">Jun 7 at 20:15</span></span> </div> </td> </tr> <tr id=\"comment-75890968\" class=\"comment \"> <td> <table> <tbody> <tr> <td class=\" comment-score\"> </td> <td> </td> </tr> </tbody> </table> </td> <td class=\"comment-text\"> <div style=\"display: block;\" class=\"comment-body\"> <span class=\"comment-copy\">See my edited answer.</span> &ndash; <a href=\"/users/3404097/philipxy\" title=\"8,866 reputation\" class=\"comment-user\">philipxy</a> <span class=\"comment-date\" dir=\"ltr\"><span title=\"2017-06-08 22:55:17Z\" class=\"relativetime-clean\">Jun 8 at 22:55</span></span> </div", 
      "rule_id": "bed4416e-fd0e-4f1e-ba3e-afa5c5e281ce"
    }, 
    "658": {
      "begin_index": 47413, 
      "end_index": 47422, 
      "extract": "3 months", 
      "rule_id": "7cfa08f2-b762-4a86-82e7-b9e5c9630398"
    }, 
    "672": {
      "begin_index": 48305, 
      "end_index": 48314, 
      "extract": "3 months", 
      "rule_id": "81d63513-f21a-4e2a-b6f9-2dc6d6f3457f"
    }, 
    "776": {
      "begin_index": 53275, 
      "end_index": 54800, 
      "extract": "=\"module sidebar-linked\"> <h4 id=\"h-linked\">Linked</h4> <div class=\"linked\" data-tracker=\"lq=1\"> <div class=\"spacer\"> <a href=\"/q/24029620\" title=\"Vote score (upvotes - downvotes)\"> <div class=\"answer-votes answered-accepted default\">3</div> </a> <a href=\"/questions/24029620/what-is-atomicity-in-dbms?noredirect=1\" class=\"question-hyperlink\">What is atomicity in dbms</a> </div> <div class=\"spacer\"> <a href=\"/q/37481380\" title=\"Vote score (upvotes - downvotes)\"> <div class=\"answer-votes answered-accepted default\">1</div> </a> <a href=\"/questions/37481380/minimum-no-of-tables-that-exists-after-decomposing-relation-r-into-1nf?noredirect=1\" class=\"question-hyperlink\">Minimum no of tables that exists after decomposing relation R into 1NF?</a> </div> <div class=\"spacer\"> <a href=\"/q/44530971\" title=\"Vote score (upvotes - downvotes)\"> <div class=\"answer-votes default\">0</div> </a> <a href=\"/questions/44530971/understanding-normalization-duplicates-i-guess-i-dont-adding-artist-tit?noredirect=1\" class=\"question-hyperlink\">Understanding Normalization &amp; Duplicates - I Guess I Don&#39;t - Adding Artist &amp; Title Ids</a> </div> <div class=\"spacer\"> <a href=\"/q/40623169\" title=\"Vote score (upvotes - downvotes)\"> <div class=\"answer-votes answered-accepted default\">-3</div> </a> <a href=\"/questions/40623169/normalization-in-database-management-system?noredirect=1\" class=\"question-hyperlink\">Normalization in database management system</a> </div> </div> </div> <div class", 
      "rule_id": "8aa05d57-c6a1-45f8-b5ab-abf43d9434e3"
    }, 
    "sitedesign/logo&#169;1539": {
      "begin_index": 102120, 
      "end_index": 102121, 
      "extract": "", 
      "rule_id": "e3103211-b0ae-47b5-aea6-d2c20c74e89f"
    }, 
    "upvote375": {
      "begin_index": 22121, 
      "end_index": 22122, 
      "extract": "0", 
      "rule_id": "e3a9fdc0-530d-41b8-89ef-3f82182d90e2"
    }, 
    "upvote474": {
      "begin_index": 29746, 
      "end_index": 29747, 
      "extract": "0", 
      "rule_id": "a70784d2-c008-4e07-a192-5d800db9c197"
    }, 
    "viewed663": {
      "begin_index": 47812, 
      "end_index": 47815, 
      "extract": "36", 
      "rule_id": "458c9019-332e-4161-8147-aeff0499d062"
    }
  }, 
  "296": {
    "352": {
      "begin_index": 20350, 
      "end_index": 20398, 
      "extract": "Database Normalization - Foreign Key Consistency", 
      "rule_id": "da3b9631-b774-451d-a090-16d858f997ab"
    }, 
    "383": {
      "begin_index": 21784, 
      "end_index": 22897, 
      "extract": "I am developing a database schema and stuck on the fence about one part of the developing schema. I have foreign keys going to certain tables, with a lot of the tables containing a foreign key to one central table. </p> <p>Two of the tables I am designing, I set up with an \"ID type\" look up (foreign key to list the types/tables the ID belongs to) and then an FK ID value. I'm wondering if I should do that for all table foreign keys, to be consistent. For these 2 tables, they might need to be joined to a different table, depending on what the record will be about. Think people being tied to different aspects of a process, so that person record would be linked back to 1 table or a different one, depending on where they are involved in the process.</p> <p>For other tables, they really are only going to link to that main central table. Should I just leave an explicit foreign key, directly to that table, or make it consistently an ID type/table and an FK ID which is linked based on the ID type table?</p> <p>If this doesn't make sense, let me know and I'll try to explain better.</p> <p>Thanks!", 
      "rule_id": "e941e5b9-df74-446e-a426-84d50d82eab6"
    }, 
    "4": {
      "begin_index": 85, 
      "end_index": 134, 
      "extract": "Database Normalization - Foreign Key Consistency", 
      "rule_id": "62d1a2ce-50af-405a-a5c8-6d8e88ecc7db"
    }, 
    "404": {
      "begin_index": 24208, 
      "end_index": 24215, 
      "extract": "Jun 16", 
      "rule_id": "f1a5df5a-f964-4630-9458-97f8c50cf08b"
    }, 
    "406": {
      "begin_index": 24217, 
      "end_index": 24223, 
      "extract": "17:33", 
      "rule_id": "08318c03-ff22-4ca5-b109-24daf792a69b"
    }, 
    "416": {
      "begin_index": 24586, 
      "end_index": 24597, 
      "extract": "missscripty", 
      "rule_id": "e348cff0-8982-4a40-936b-faf84c41f006"
    }, 
    "437": {
      "begin_index": 29295, 
      "end_index": 29308, 
      "extract": "add a comment", 
      "rule_id": "0910e70e-c3ca-4c29-ba4d-fb1f7af90735"
    }, 
    "440": {
      "begin_index": 29490, 
      "end_index": 29490, 
      "extract": "", 
      "rule_id": "2aafbd00-c5a5-4b96-9f85-c29cf9d933ce"
    }, 
    "480": {
      "begin_index": 31463, 
      "end_index": 32222, 
      "extract": "Talking to a colleague and it was advised that I not have a foreign key column, that links to different tables, based on another table identifier column. Apparently this can get dangerous quickly, as the ID could mistakenly get linked to the wrong table, if people aren't careful.</p> <p>The advice is to have the people table, and then multiple people cross-reference tables, one for each area of the data, where a person needs to be linked to. Each CR table will have a non-null foreign key, and records only to the 1 table the FK links to. There will also be a person type ID, so that a person can have more than one type/roll, within as many CRs where they need to exist.</p> <p>If anyone disagrees, I'm more than happy to get as many takes as I can.", 
      "rule_id": "4d6eb303-ef75-403a-bf78-f213b8422504"
    }, 
    "496": {
      "begin_index": 32790, 
      "end_index": 32797, 
      "extract": "Jun 16", 
      "rule_id": "2c0dac5c-2295-4465-9adb-5eff3dde114d"
    }, 
    "498": {
      "begin_index": 32799, 
      "end_index": 32805, 
      "extract": "19:02", 
      "rule_id": "44418c73-374d-42a6-ade5-4282142641c2"
    }, 
    "509": {
      "begin_index": 33168, 
      "end_index": 33179, 
      "extract": "missscripty", 
      "rule_id": "151d8517-f15c-442c-a439-eb1dbe542ab6"
    }, 
    "515": {
      "begin_index": 33385, 
      "end_index": 33386, 
      "extract": "2", 
      "rule_id": "bc11d3f4-643a-48ca-a52a-dfb04237e64f"
    }, 
    "520": {
      "begin_index": 33484, 
      "end_index": 33486, 
      "extract": "12", 
      "rule_id": "62af170b-952e-4d76-9802-cc567eba6f44"
    }, 
    "531": {
      "begin_index": 33970, 
      "end_index": 37218, 
      "extract": "id=\"comment-76188871\" class=\"comment \"> <td> <table> <tbody> <tr> <td class=\" comment-score\"> </td> <td> </td> </tr> </tbody> </table> </td> <td class=\"comment-text\"> <div style=\"display: block;\" class=\"comment-body\"> <span class=\"comment-copy\">There&#39;s no inkling in your question that it&#39;s about what the first sentence in this answer is about. That FK anti-pattern is usually the wrong way to model &quot;SQL/database subtypes&quot;. (Google my stackoverflow comments about that. The rest of this answer is just as unclear as your question. You need to stop labeling things that you <i>haven&#39;t said</i> by words that come to mind (eg &quot;area of the data&quot;) and <i>say</i> what you mean. Examples help but you still need to say what they are examples <i>of</i>.</span> &ndash; <a href=\"/users/3404097/philipxy\" title=\"8,866 reputation\" class=\"comment-user\">philipxy</a> <span class=\"comment-date\" dir=\"ltr\"><span title=\"2017-06-17 03:31:59Z\" class=\"relativetime-clean\">Jun 17 at 3:31</span></span> </div> </td> </tr> <tr id=\"comment-76271852\" class=\"comment \"> <td> <table> <tbody> <tr> <td class=\" comment-score\"> </td> <td> </td> </tr> </tbody> </table> </td> <td class=\"comment-text\"> <div style=\"display: block;\" class=\"comment-body\"> <span class=\"comment-copy\">A FK constraint holds in a design when subrow values for a list of columns must appear for another list of columns. We declare FKs so the DBMS rejects invalid updates. If a column&#39;s values are only restricted to being in one of several other places (per a type column) then that is not an example of a FK holding; it&#39;s a different constraint. Distinct nullable column sets for each target table would be FKs. The type column could indicate which FK(s) (or tables, if there&#39;s one per table) hold. So could just whether each FK is null. But those are all anti-patterns for subtyping. Thus this answer.</span> &ndash; <a href=\"/users/3404097/philipxy\" title=\"8,866 reputation\" class=\"comment-user\">philipxy</a> <span class=\"comment-date\" dir=\"ltr\"><span title=\"2017-06-20 03:05:41Z\" class=\"relativetime-clean\">Jun 20 at 3:05</span></span> <span class=\"edited-yes\" title=\"this comment was edited 2 times\"></span> </div", 
      "rule_id": "bed4416e-fd0e-4f1e-ba3e-afa5c5e281ce"
    }, 
    "658": {
      "begin_index": 46922, 
      "end_index": 46931, 
      "extract": "3 months", 
      "rule_id": "7cfa08f2-b762-4a86-82e7-b9e5c9630398"
    }, 
    "672": {
      "begin_index": 47814, 
      "end_index": 47823, 
      "extract": "3 months", 
      "rule_id": "81d63513-f21a-4e2a-b6f9-2dc6d6f3457f"
    }, 
    "776": {
      "begin_index": 52889, 
      "end_index": 53768, 
      "extract": "=\"module sidebar-linked\"> <h4 id=\"h-linked\">Linked</h4> <div class=\"linked\" data-tracker=\"lq=1\"> <div class=\"spacer\"> <a href=\"/q/4969133\" title=\"Vote score (upvotes - downvotes)\"> <div class=\"answer-votes answered-accepted default\">20</div> </a> <a href=\"/questions/4969133/database-design-articles-blog-posts-photos-stories?noredirect=1\" class=\"question-hyperlink\">Database design - articles, blog posts, photos, stories</a> </div> <div class=\"spacer\"> <a href=\"/q/41047790\" title=\"Vote score (upvotes - downvotes)\"> <div class=\"answer-votes default\">-1</div> </a> <a href=\"/questions/41047790/mysql-foreign-key-using-more-than-one-field-to-reference-to-a-primary-key-from-a?noredirect=1\" class=\"question-hyperlink\">MySQL foreign key using more than one field to reference to a primary key from another table</a> </div> </div> </div> <div class", 
      "rule_id": "8aa05d57-c6a1-45f8-b5ab-abf43d9434e3"
    }, 
    "sitedesign/logo&#169;1539": {
      "begin_index": 101355, 
      "end_index": 101356, 
      "extract": "", 
      "rule_id": "e3103211-b0ae-47b5-aea6-d2c20c74e89f"
    }, 
    "upvote375": {
      "begin_index": 21425, 
      "end_index": 21427, 
      "extract": "-1", 
      "rule_id": "e3a9fdc0-530d-41b8-89ef-3f82182d90e2"
    }, 
    "upvote474": {
      "begin_index": 31257, 
      "end_index": 31258, 
      "extract": "0", 
      "rule_id": "a70784d2-c008-4e07-a192-5d800db9c197"
    }, 
    "viewed663": {
      "begin_index": 47321, 
      "end_index": 47324, 
      "extract": "42", 
      "rule_id": "458c9019-332e-4161-8147-aeff0499d062"
    }
  }
}
